array_type	array_size	frequency	config	elapsed_time
expt_seq	10	1.6GHz	0x09	0.007941
expt_seq	10	1.6GHz	0x09	0.004852
expt_seq	10	1.6GHz	0x09	0.00443
expt_seq	10	1.6GHz	0x09	0.007896
expt_seq	10	1.6GHz	0x09	0.008168
expt_seq	10	1.6GHz	0x60	0.008064
expt_seq	10	1.6GHz	0x60	0.007971
expt_seq	10	1.6GHz	0x60	0.004606
expt_seq	10	1.6GHz	0x60	0.007812
expt_seq	10	1.6GHz	0x60	0.007974
